[
  {
    "userId": 5449795291,
    "commands": {
      "2025-12-31": {
        "invisible": 2
      }
    }
  },
  {
    "userId": 7210431906,
    "commands": {
      "2025-12-31": {
        "invisible": 2
      }
    }
  },
  {
    "userId": 7524645482,
    "commands": {
      "2025-12-31": {
        "invisible": 4
      }
    }
  },
  {
    "userId": 7733725316,
    "commands": {
      "2025-12-31": {
        "invisible": 1
      }
    }
  },
  {
    "userId": 5392106497,
    "commands": {
      "2025-12-31": {
        "invisible": 2
      }
    }
  },
  {
    "userId": 6874734974,
    "commands": {
      "2025-12-31": {
        "invisible": 4
      }
    }
  },
  {
    "userId": 7534664256,
    "commands": {
      "2025-12-31": {
        "invisible": 1
      }
    }
  },
  {
    "userId": 6752441545,
    "commands": {
      "2025-12-31": {
        "invisible": 1
      }
    }
  }
]